customer_id,name,email,phone,city,state,signup_date
1,Amanda Nguyen,kellylucas@sullivan.biz,7963870457,Chennai,TN,2026-04-08
2,Matthew Stevens Jr.,alexandermoore@hotmail.com,9443560804,Pune,MH,2026-03-23
3,Doris Wilson,thernandez@curry-sparks.com,0077792493,Delhi,DL,2025-11-09
4,Caitlin Cox,swells@gmail.com,4489711333,Mumbai,MH,2025-12-10
5,Jacob Mathews,jeffrey02@rogers.com,4566080791,Kolkata,WB,2023-09-05
6,Caitlin Gutierrez,hrubio@yahoo.com,1321782351,Delhi,DL,2026-02-15
7,Elizabeth Anderson,oyoung@gmail.com,9098038413,Mumbai,MH,2023-12-23
8,Larry Williams,xlewis@gmail.com,5439401468,Delhi,DL,2025-07-09
9,Matthew Clark,andersonpaul@hotmail.com,7820365882,Ahmedabad,GJ,2024-08-25
10,Donald Flores,rweeks@hotmail.com,5920454933,Ahmedabad,GJ,2025-03-13
11,Michael Wise,laurenmiddleton@gmail.com,8140483568,Chennai,TN,2024-01-06
12,Christopher Walker,clinechristine@yahoo.com,6281551052,Kolkata,WB,2023-08-24
13,Patricia Carr,michelle75@yahoo.com,6581562400,Pune,MH,2023-07-10
14,Miranda Anderson,larrywilkins@whitaker-howard.net,9638320831,Lucknow,UP,2024-09-09
15,Kimberly Parks,margaretle@berry.com,1382665657,Mumbai,MH,2025-06-22
16,Audrey Becker,nathan68@gmail.com,9348016505,Mumbai,MH,2024-07-01
17,Corey Bell,uhaney@leon-wallace.info,6163547313,Delhi,DL,2026-01-17
18,Tamara Browning,singhbrandon@gmail.com,6705025569,Bangalore,KA,2025-05-25
19,Belinda Woods,eric33@hotmail.com,1394765637,Mumbai,MH,2023-08-16
20,Erica Ford,whitejeremy@hinton.com,9624486846,Jaipur,RJ,2025-05-21
21,Danielle Rodriguez,uvazquez@james-cannon.com,7595897034,Kolkata,WB,2025-10-16
22,Mrs. Anne Garner DVM,johnsonkayla@hotmail.com,0626657906,Jaipur,RJ,2025-07-24
23,Madison Mcgee,johncohen@williams.info,8973129599,Bangalore,KA,2025-07-01
24,Kaitlyn Owens,kimberly23@yahoo.com,8060382664,Mumbai,MH,2023-10-11
25,Russell Williams,donnalee@hotmail.com,7767580418,Ahmedabad,GJ,2023-07-17
26,Michael Reyes,jennifergomez@yahoo.com,0808240122,Bangalore,KA,2023-12-26
27,Kyle Sanchez,crystalcallahan@yahoo.com,7592759665,Chennai,TN,2024-02-04
28,Phillip Heath,robert58@gmail.com,5192945631,Delhi,DL,2024-08-25
29,Scott Martin,trevor60@buchanan.org,3513688978,Hyderabad,TS,2025-08-25
30,Kim Hernandez MD,kathleendowns@hotmail.com,3569646811,Bangalore,KA,2026-02-14
31,Wesley Scott,troman@jacobson.com,6343853335,Ahmedabad,GJ,2023-06-26
32,Timothy Dickerson,curtismary@berg-chavez.com,2936731753,Lucknow,UP,2023-06-07
33,Kevin Raymond,gilesmatthew@hotmail.com,6228799958,Kolkata,WB,2026-04-10
34,Omar Mcguire,jill59@hotmail.com,8893783582,Pune,MH,2024-05-08
35,Brady Warren,taranash@gmail.com,2400076983,Mumbai,MH,2023-11-07
36,Derrick Peterson,ncastillo@huang.com,6357056127,Kolkata,WB,2025-05-05
37,Christopher Adams,beverly88@gmail.com,6257500568,Kolkata,WB,2025-05-24
38,Laura Thomas,amyduncan@gilbert.com,9705336400,Pune,MH,2025-12-24
39,Brent Li,stephenbrooks@mccormick.com,9166640729,Ahmedabad,GJ,2023-05-20
40,Lauren Copeland,annadeleon@serrano.com,8272446481,Mumbai,MH,2025-02-07
41,Sandra Ross,tammybray@hotmail.com,2450811103,Jaipur,RJ,2025-09-30
42,Natalie Watts,harmonjeremy@mack.com,8900215926,Kolkata,WB,2024-01-18
43,David Mcintyre,blackdouglas@harrison.biz,0864165551,Lucknow,UP,2024-01-05
44,Debra Walker,jermaine53@yahoo.com,1914413718,Hyderabad,TS,2025-08-15
45,Madison Burke,emilyle@gmail.com,5159365057,Delhi,DL,2023-12-08
46,Kimberly Smith,meganbrooks@gmail.com,2713707611,Pune,MH,2025-09-23
47,Jeffrey Rodriguez,santiagomichelle@smith.com,4929292567,Jaipur,RJ,2023-05-24
48,Troy Martinez,ronald66@yahoo.com,3369977824,Lucknow,UP,2024-10-04
49,Kenneth Allen,sean20@yahoo.com,0166543106,Hyderabad,TS,2024-07-22
50,Marissa Nielsen,morganmichelle@yahoo.com,4175779669,Jaipur,RJ,2025-09-14
51,Jonathan Johnson,peterbennett@hernandez-clark.com,9606199457,Hyderabad,TS,2025-06-14
52,Curtis Davis,sandra89@baker-james.net,9427833898,Hyderabad,TS,2023-12-19
53,Walter Walters,faith18@gmail.com,5413999036,Hyderabad,TS,2024-04-26
54,Paul Herrera,fhenry@hotmail.com,7919877093,Delhi,DL,2024-10-20
55,Gerald Skinner,ilarson@gmail.com,6348328609,Lucknow,UP,2025-08-27
56,Stephanie Gilmore,graydaniel@hotmail.com,6985610678,Bangalore,KA,2023-07-19
57,Linda Solis,robleskelsey@mccoy.com,8085576833,Jaipur,RJ,2023-11-11
58,Mark Johnson,nicholas58@summers.com,2043976248,Bangalore,KA,2023-10-03
59,Karen Schaefer,jonesjames@gutierrez.com,9758137240,Ahmedabad,GJ,2025-06-04
60,Gregory Kelly,summer84@hotmail.com,7625985433,Kolkata,WB,2023-08-20
61,Michelle Thompson,margaretchoi@brooks-kelley.com,0180311636,Ahmedabad,GJ,2025-11-20
62,John Johnson,rodriguezerica@hotmail.com,9674693817,Hyderabad,TS,2023-07-07
63,Jeremy Daniels,reneerodriguez@duran.net,2044176149,Mumbai,MH,2025-03-02
64,Miguel Richmond,barronronnie@yahoo.com,6867955782,Pune,MH,2024-09-30
65,David Jones DDS,zbeasley@yahoo.com,4851990454,Hyderabad,TS,2026-04-17
66,Darren Fowler,anna35@patterson.com,6784790807,Pune,MH,2026-01-03
67,Juan Salazar,mstevens@williams.com,3439603594,Ahmedabad,GJ,2024-02-16
68,Rodney Sanders,nelsonjennifer@le-barnes.com,2569129829,Delhi,DL,2023-11-29
69,Mike Walker,nancy22@yahoo.com,6680068917,Hyderabad,TS,2024-05-26
70,Ray Cabrera,kbrooks@beard.com,7323650375,Ahmedabad,GJ,2023-10-30
71,Alyssa Boyd,smithpatricia@wagner.org,0173456930,Lucknow,UP,2023-06-20
72,Thomas Conway,ykelly@gmail.com,2513651377,Pune,MH,2024-02-05
73,Matthew Shaw,brittany53@huff-stein.com,6462960222,Lucknow,UP,2023-12-13
74,Nicole Bishop,tonya51@hotmail.com,2644759779,Mumbai,MH,2024-10-05
75,Wendy Guzman,rharris@gmail.com,3611046154,Lucknow,UP,2026-04-18
76,Edward Pruitt,caitlin01@anderson-buchanan.org,4774541823,Jaipur,RJ,2024-11-28
77,Laura Stephens,richard95@yahoo.com,4915983821,Jaipur,RJ,2026-01-29
78,Tiffany Schwartz,stephanie19@yahoo.com,0669977331,Lucknow,UP,2024-07-03
79,Marcus Little,nvasquez@cannon.net,6829548278,Mumbai,MH,2025-10-05
80,Whitney Harvey,jason32@obrien.net,7193836945,Ahmedabad,GJ,2024-12-19
81,Kelly Dixon,andersonbrian@gmail.com,2669546943,Delhi,DL,2024-05-05
82,Deanna Figueroa,maryhill@yahoo.com,7742686304,Delhi,DL,2025-10-10
83,David Bright,shannon29@bailey.com,6020535058,Chennai,TN,2025-03-28
84,Lauren Gill,luisfriedman@good.com,8931973892,Lucknow,UP,2025-11-06
85,Nicole Haynes,max22@obrien.com,4434719613,Bangalore,KA,2023-08-13
86,Cody Walter,richard98@davidson-thompson.com,6631545472,Lucknow,UP,2023-10-04
87,Andrea Hernandez,laurenparker@hotmail.com,1302571056,Pune,MH,2023-09-04
88,Heather Brown,fholmes@hayden.com,7313546875,Jaipur,RJ,2024-03-24
89,Marcia Williamson,chelsey31@randall.org,2353121709,Mumbai,MH,2023-12-16
90,Margaret Smith,keithsantos@odom.com,2928919069,Bangalore,KA,2024-11-05
91,Courtney Vance,martineznathaniel@jackson-peters.com,4095273665,Chennai,TN,2025-02-20
92,Sean Myers,dukemonica@petersen.com,7111466171,Pune,MH,2025-01-28
93,Gary Scott,bjones@gmail.com,8014999220,Jaipur,RJ,2025-05-17
94,Melissa Hall,kspence@yahoo.com,1294681699,Kolkata,WB,2023-07-16
95,Katherine Ortiz,gmurray@yahoo.com,4280799220,Ahmedabad,GJ,2025-03-14
96,Richard Adams,iriggs@gmail.com,0235925201,Delhi,DL,2026-01-30
97,John Yates,lauren28@gmail.com,2264248160,Jaipur,RJ,2025-01-22
98,Larry Hancock,alexandra62@yahoo.com,0949014736,Hyderabad,TS,2025-10-29
99,Tamara Williams,munozjames@moore.info,7502113059,Ahmedabad,GJ,2025-11-14
100,Bradley Alvarez,yatescorey@gmail.com,7091622919,Chennai,TN,2026-01-22
101,Lynn Jones,diazrobert@hotmail.com,7554709710,Kolkata,WB,2026-02-11
102,Justin Kelly,normawilson@gmail.com,5556234253,Mumbai,MH,2023-11-20
103,Richard Ellis,brianlang@gmail.com,3942273123,Hyderabad,TS,2024-02-01
104,Christopher Peters,fsalazar@yahoo.com,6960328750,Lucknow,UP,2023-11-20
105,Terry Scott,daniel23@gmail.com,3148299953,Hyderabad,TS,2023-06-07
106,Jimmy Thomas,royleblanc@yahoo.com,6189716374,Bangalore,KA,2025-11-29
107,Deborah Pham,jeffreymoody@hotmail.com,0018935743,Kolkata,WB,2026-01-12
108,Angel Fisher,christopherhinton@hotmail.com,7215008265,Mumbai,MH,2024-06-04
109,Dwayne Crosby,cody34@bond.com,6035230417,Ahmedabad,GJ,2025-02-21
110,Stephen Jordan,knewton@yahoo.com,4775040110,Ahmedabad,GJ,2023-10-20
111,Justin Hunter,schneiderbernard@lopez.biz,4873879694,Hyderabad,TS,2025-08-24
112,Trevor Taylor,pbryant@palmer.biz,0641353230,Ahmedabad,GJ,2023-06-23
113,Brittany Coleman,douglas66@jackson-mcdonald.com,6297142164,Kolkata,WB,2023-05-12
114,Blake Lee,dbrewer@gmail.com,1597130989,Kolkata,WB,2026-01-05
115,Donald Sanders,thomas55@yahoo.com,6063194627,Delhi,DL,2025-07-29
116,Mallory Hutchinson,rogershenry@gmail.com,3241612809,Mumbai,MH,2025-06-03
117,Mark Pittman,coryhoward@jacobs.com,7787403284,Mumbai,MH,2023-06-10
118,Gary Moreno,ortizleonard@hotmail.com,3944277253,Chennai,TN,2025-08-26
119,Pam Lopez,kristin52@hotmail.com,4319656932,Hyderabad,TS,2026-04-22
120,Jacob Cooley,levinejennifer@davis-martinez.info,0545904120,Ahmedabad,GJ,2026-04-15
121,Charles Johnson,weavermark@gmail.com,5675854498,Ahmedabad,GJ,2024-09-02
122,Steven Ramirez,wongkatie@hotmail.com,2253887815,Mumbai,MH,2023-09-04
123,Jessica Perry,deanwest@burton.biz,1238052661,Ahmedabad,GJ,2023-05-30
124,Justin Davis,mcarter@yahoo.com,7191828509,Bangalore,KA,2024-05-25
125,Gary Daniel,caleb54@garza.com,8319505510,Delhi,DL,2025-09-12
126,Jennifer Johnson DVM,smithvictor@howe.com,6031050590,Kolkata,WB,2023-06-15
127,Randall Bruce,gonzalesdebbie@hotmail.com,8472918639,Kolkata,WB,2025-12-29
128,David Floyd,nguerrero@bennett-sutton.com,1563707478,Hyderabad,TS,2025-08-13
129,David Terry,dana14@huang.com,6202991136,Lucknow,UP,2023-12-31
130,Ana Weber,annahudson@baird.com,6479020892,Lucknow,UP,2025-04-30
131,Brittany Estrada,samueljohnson@yahoo.com,1651125699,Lucknow,UP,2025-02-23
132,Brandon Hernandez,sarah97@yahoo.com,4847582646,Lucknow,UP,2025-02-21
133,Christopher Nichols,kristinnorman@hotmail.com,3544858617,Delhi,DL,2025-05-12
134,James Anderson,flee@king.com,3645785231,Kolkata,WB,2023-08-31
135,Kenneth Boyd,sbrown@leonard-cunningham.com,0838363725,Chennai,TN,2026-05-01
136,Mrs. Jennifer Sanders DDS,michellesmith@thomas-alvarado.com,3618764788,Kolkata,WB,2025-10-16
137,Whitney Larsen,alvarezsean@murray.biz,2800314261,Kolkata,WB,2023-12-31
138,John Martinez,ann69@schmidt.net,2565018074,Lucknow,UP,2024-08-13
139,Jenna Hurst,smithlynn@hotmail.com,9855801379,Hyderabad,TS,2024-12-31
140,Diana Howell,banksmartha@barber.org,0286454251,Mumbai,MH,2024-03-06
141,Annette Arias,okim@hotmail.com,4986029328,Bangalore,KA,2023-12-24
142,Amy Copeland,james31@brady.org,8399188463,Mumbai,MH,2026-04-25
143,Melissa Pearson,erichill@massey-freeman.com,2115401011,Kolkata,WB,2024-08-27
144,Jennifer Ingram,helen33@stevens.com,4055263213,Lucknow,UP,2023-12-26
145,Audrey Larsen MD,racheljones@gordon.com,7487041449,Chennai,TN,2025-05-02
146,Robin Harrison,tyler92@gmail.com,4709845945,Delhi,DL,2024-10-08
147,Denise Fernandez,wongnicole@pearson.org,5888968220,Mumbai,MH,2024-07-07
148,Virginia Pearson,qedwards@hotmail.com,1786773933,Mumbai,MH,2023-08-31
149,Allison Martinez,colleenhardin@mcfarland.org,8598980994,Hyderabad,TS,2024-09-26
150,Shelley Rodriguez,clarktheresa@yahoo.com,1111633383,Ahmedabad,GJ,2024-08-26
151,Marc Mcdonald,paultapia@gmail.com,6937513673,Kolkata,WB,2024-06-13
152,Benjamin Martinez,paul47@gmail.com,3821526710,Pune,MH,2025-06-10
153,Christopher Thompson,ojennings@hotmail.com,5297651205,Lucknow,UP,2025-11-27
154,Sarah Phillips,berrydiane@yahoo.com,1891444428,Bangalore,KA,2023-12-08
155,Lauren Hahn,lopezgerald@allen.com,1901492176,Delhi,DL,2024-01-05
156,David Tran,andersondennis@collier.com,3267489748,Jaipur,RJ,2025-09-27
157,Raymond Lopez,isaiahsoto@hotmail.com,9918757670,Chennai,TN,2023-08-28
158,Louis Brown,sfleming@long-johnson.com,5349905139,Jaipur,RJ,2023-07-05
159,Thomas Weaver,daviddawson@huff.com,2235841686,Chennai,TN,2025-05-24
160,Tonya Malone,troy40@obrien-smith.info,9648867888,Lucknow,UP,2026-02-15
161,Cassandra Burgess,jessica81@gmail.com,8922457186,Jaipur,RJ,2023-09-02
162,Evan Johnson,diana31@hotmail.com,3245219393,Bangalore,KA,2024-10-14
163,Brian Sanford,tjones@yahoo.com,7520286346,Jaipur,RJ,2024-05-09
164,Kirsten Smith,christian46@williams.com,3510689521,Chennai,TN,2023-09-25
165,Patricia Richardson,cunninghamcharles@yahoo.com,2921898313,Mumbai,MH,2025-05-27
166,Rhonda Johnson,sarahcasey@clark.com,9792580567,Delhi,DL,2025-10-25
167,Mario Martin,nicholas40@stanton-anderson.com,5076687991,Jaipur,RJ,2025-12-28
168,Andrew Hatfield,lesterkristina@cantu-kelley.info,9299791459,Mumbai,MH,2024-08-04
169,Teresa Wright,tracycastro@gmail.com,4477429411,Pune,MH,2024-11-13
170,Jeremy Glover,megan76@yahoo.com,1018699126,Kolkata,WB,2023-07-23
171,Daniel Arias,ctran@hotmail.com,7304922086,Mumbai,MH,2025-11-07
172,Eric Stewart,sfox@hotmail.com,0194063724,Hyderabad,TS,2024-08-30
173,Patricia Sellers,alexandriawallace@garcia-gray.org,7744990762,Hyderabad,TS,2025-02-23
174,Jackson Evans,petersonjessica@gmail.com,8954203698,Pune,MH,2025-01-07
175,Jennifer Hartman,shepherdjoshua@yahoo.com,8888889916,Bangalore,KA,2026-03-25
176,Benjamin Little,steven49@hotmail.com,7647039561,Pune,MH,2023-12-31
177,Kathleen Hall,james94@gaines.com,8376248088,Chennai,TN,2023-05-10
178,Jennifer Harrison,hhogan@delgado.info,2820138632,Ahmedabad,GJ,2023-10-15
179,Elizabeth Johnson,richardbyrd@gmail.com,7946662488,Jaipur,RJ,2024-03-02
180,Isaac Peterson,criggs@gmail.com,0869960825,Kolkata,WB,2024-12-17
181,Daniel Ware,daniel55@buckley.com,4715785524,Kolkata,WB,2025-04-13
182,Devin Johnson,cathyfranco@bell.org,4406982677,Hyderabad,TS,2023-12-26
183,Ashley Smith,reyesgabriel@moore.biz,6195660402,Jaipur,RJ,2024-08-31
184,Mary Schmidt,joshua93@hotmail.com,0457813190,Chennai,TN,2025-06-05
185,Robert Mayer,amandahale@hotmail.com,4305959408,Mumbai,MH,2025-01-23
186,Danny Valenzuela,guerreromichael@hotmail.com,6712006279,Bangalore,KA,2024-03-23
187,Nathan Evans,brandycombs@carrillo.com,3904598742,Hyderabad,TS,2025-04-09
188,Paul Davis,matthew06@yahoo.com,5902042049,Pune,MH,2023-12-08
189,Juan Brown,deborah59@hotmail.com,6703613913,Bangalore,KA,2024-12-28
190,Christopher Stone,thomas79@payne-gonzalez.com,5280451558,Lucknow,UP,2023-11-23
191,Daniel Johnson,bridgesdeborah@perry.biz,3159946409,Lucknow,UP,2024-09-06
192,Christopher Gallagher,jessicacarey@pearson-hawkins.net,3062712428,Bangalore,KA,2023-12-26
193,Joseph Hopkins,nelsonrichard@miller.com,3865450134,Ahmedabad,GJ,2025-07-25
194,Cody Edwards,gabriel51@gmail.com,3106772965,Chennai,TN,2023-09-16
195,Robert Campbell,bhardy@gmail.com,0272453659,Mumbai,MH,2023-10-28
196,Jeffrey Clarke,johnnyreyes@thomas.com,7026371046,Jaipur,RJ,2025-02-07
197,John Bennett,crystal15@oconnor-melton.com,4778687195,Chennai,TN,2025-08-14
198,Derrick Lopez,smithlacey@hotmail.com,6954197684,Chennai,TN,2024-02-17
199,Jerry Morrison,jennifer69@yahoo.com,6005272630,Jaipur,RJ,2024-11-20
200,Emily Ramsey,vincentsantos@peterson.com,0821397808,Delhi,DL,2024-10-22
201,Mary Ortega,laura71@gmail.com,4935895141,Jaipur,RJ,2025-11-22
202,Abigail Noble,ftorres@gmail.com,1133615513,Kolkata,WB,2026-02-13
203,Wendy Willis,nmartin@yahoo.com,1052694756,Hyderabad,TS,2025-08-22
204,Donald Gomez,laurenbuckley@hotmail.com,4659647137,Jaipur,RJ,2023-10-15
205,Carlos Lee,kylesnyder@gmail.com,1271455738,Kolkata,WB,2026-01-31
206,David Lee,xrivas@gmail.com,2265394583,Mumbai,MH,2024-12-30
207,Kenneth Butler,chayes@gmail.com,0639555227,Jaipur,RJ,2023-10-20
208,Bradley Moore,franksmith@bryan.org,3079776897,Ahmedabad,GJ,2025-10-27
209,Dr. Joyce Reynolds,kpatrick@hill.biz,2866376971,Jaipur,RJ,2025-08-15
210,Michele Jensen,hendricksrobert@smith-castillo.com,0933856755,Kolkata,WB,2025-06-21
211,Rachel Fritz,jeffery67@gibson-williams.com,8282544199,Kolkata,WB,2024-07-31
212,Tracy Haynes,brandygregory@may.org,2705138950,Pune,MH,2025-11-24
213,Michael Smith,suzanne75@hotmail.com,8879238072,Bangalore,KA,2023-10-26
214,Alice Acevedo,gary63@moses-wells.com,1335615901,Pune,MH,2023-07-24
215,David Anderson,matthew56@smith.biz,2938941534,Chennai,TN,2025-06-27
216,Christopher Farrell,cnewton@yahoo.com,7162417070,Chennai,TN,2026-05-04
217,Jessica Shaffer,kenneth06@hotmail.com,1796613520,Jaipur,RJ,2024-04-20
218,Amanda Smith,richard82@hotmail.com,9718985479,Lucknow,UP,2025-05-11
219,Susan Campbell,sjones@ruiz.com,5425347583,Kolkata,WB,2023-10-18
220,Monica Lopez,elizabethmartinez@aguilar-robbins.net,3548560654,Lucknow,UP,2023-07-12
221,Jennifer Taylor,wilkersonerik@gmail.com,5589979920,Kolkata,WB,2025-05-06
222,Nancy Carpenter,mccoyjose@ortiz-ramirez.net,3782888054,Ahmedabad,GJ,2025-05-16
223,Eric Rogers,kristina75@hotmail.com,2597547429,Kolkata,WB,2024-04-11
224,Lisa Fernandez,matthewstewart@rowland.com,3814764906,Chennai,TN,2023-10-16
225,Matthew Wilson,andersenamy@moss-wilson.com,2110592064,Kolkata,WB,2026-03-09
226,Michael Rodriguez,martinclifford@gordon-becker.com,0461456140,Hyderabad,TS,2025-02-13
227,Scott Rodriguez,patrickmeyers@andrade.info,6412691993,Jaipur,RJ,2026-02-16
228,Lori Waller,ruiznicholas@ellis-lewis.com,4415194344,Hyderabad,TS,2025-12-25
229,Cynthia Allen,dhudson@lopez-wells.info,6892052505,Bangalore,KA,2025-10-31
230,Matthew Contreras,dennis90@yahoo.com,9246133194,Pune,MH,2024-04-17
231,Lisa Moore,zpatterson@hotmail.com,0694350625,Chennai,TN,2026-02-12
232,Kaylee Hobbs,danderson@green.net,8467519433,Pune,MH,2024-07-07
233,Tom Richardson,roger89@hotmail.com,8860504776,Hyderabad,TS,2023-08-28
234,Michelle Smith,npena@campbell.com,0965293868,Kolkata,WB,2024-05-17
235,Christy Pearson,joshua07@gmail.com,7983320386,Lucknow,UP,2023-09-09
236,David Pollard,bartlettjohn@harris.com,0392141336,Hyderabad,TS,2024-06-19
237,Rebecca Davis,melissamiller@grant-nguyen.com,2070585254,Chennai,TN,2024-01-13
238,Eddie Brown,wilsonangel@mason-smith.com,4290163110,Jaipur,RJ,2025-03-02
239,Mark Guerrero,brandy90@yahoo.com,2101541507,Lucknow,UP,2023-10-03
240,Laura Wilson,wilsontyler@hotmail.com,4503803491,Bangalore,KA,2025-04-05
241,Mrs. Amanda Harris DDS,madisongarza@hotmail.com,7091133593,Pune,MH,2025-08-07
242,Crystal Fry,csmith@day-patel.biz,9857995331,Ahmedabad,GJ,2026-05-06
243,Rachel Murray,harriselizabeth@gmail.com,0605897604,Lucknow,UP,2024-08-17
244,Robert Wilson,jaredmunoz@yahoo.com,5152354735,Bangalore,KA,2025-02-07
245,Robert Martinez,pamela00@walker-mccullough.com,4822938993,Pune,MH,2023-06-16
246,Loretta Michael,ehamilton@hotmail.com,0149798606,Lucknow,UP,2026-01-15
247,Michael Daniels,craig41@hotmail.com,5303205533,Kolkata,WB,2025-10-23
248,Linda Edwards,millsvanessa@ramsey-collins.info,6431930527,Bangalore,KA,2023-05-28
249,Patricia Atkins,hesterbenjamin@bell.com,1160435573,Kolkata,WB,2024-11-25
250,Amber Marshall,ecarlson@hotmail.com,6075921196,Bangalore,KA,2025-08-06
251,Sarah Sullivan,dmartinez@english-johnson.org,6498127214,Mumbai,MH,2024-11-13
252,Jeffrey Smith,williamelliott@baker.com,0766429488,Mumbai,MH,2025-07-02
253,Kathleen Reynolds,mflynn@davenport.com,7850057291,Pune,MH,2025-10-22
254,Russell Daniels,afarmer@yahoo.com,3779685841,Mumbai,MH,2023-05-19
255,Anthony Stout,jorge64@higgins.com,2207736279,Kolkata,WB,2024-08-01
256,Joe Mcdaniel,vjames@mckinney-lewis.com,9244530221,Chennai,TN,2026-04-17
257,Diamond Floyd,julieyoung@dyer.biz,8081368165,Kolkata,WB,2026-03-12
258,Bobby Wallace Jr.,nicolenolan@yahoo.com,7190032743,Chennai,TN,2025-12-19
259,Peter Smith,barberjames@gmail.com,3671330479,Bangalore,KA,2024-03-15
260,Danny Cardenas,gregoryking@medina.com,4342636918,Lucknow,UP,2024-08-16
261,Tammy Keller,lynn17@gmail.com,2769145914,Jaipur,RJ,2026-03-20
262,Richard Walton,zblankenship@yahoo.com,0407836320,Chennai,TN,2024-12-23
263,Joshua Everett,abryant@hotmail.com,8157811852,Kolkata,WB,2024-03-23
264,Tammy Davis,jefferyadams@gmail.com,5530436585,Mumbai,MH,2024-09-01
265,Jeffrey Meza,christyjackson@gmail.com,8876746464,Hyderabad,TS,2025-03-28
266,Shannon Davis,mchavez@gmail.com,5360035645,Hyderabad,TS,2024-10-09
267,Lisa Horn,cbarnes@freeman.org,7924107680,Bangalore,KA,2024-03-19
268,Stephen Cobb,ysmith@gmail.com,6568145286,Pune,MH,2024-10-24
269,Monica Bridges,klester@gmail.com,1699706736,Ahmedabad,GJ,2023-11-16
270,Elizabeth Rubio,christina12@reed.com,3582225223,Pune,MH,2024-01-01
271,Gregory Carson,varnold@andrews-johnson.org,9562321842,Kolkata,WB,2025-05-23
272,Jesse Oneal,michaelgilbert@yahoo.com,3971660959,Mumbai,MH,2024-10-27
273,Emily Thompson,woodsstephanie@long.org,1186071983,Pune,MH,2025-10-29
274,Amanda Jones,stacieclark@howe.org,7064517395,Chennai,TN,2025-10-06
275,Victoria Mendez,kdavid@yahoo.com,8825908933,Delhi,DL,2023-12-17
276,Mrs. Tammy Mcknight,williamscatherine@gmail.com,8651746909,Ahmedabad,GJ,2026-03-26
277,Michele Burton,dustin81@page.com,0549634638,Mumbai,MH,2023-07-14
278,Sergio Hahn,morenobenjamin@hotmail.com,8222070022,Hyderabad,TS,2025-10-25
279,Briana Richardson,gfleming@hotmail.com,2598691742,Pune,MH,2024-08-28
280,Rodney Blanchard,jennacollier@hill.com,1283538998,Kolkata,WB,2024-04-20
281,Olivia Rivers,angelalee@gmail.com,3182736729,Lucknow,UP,2024-09-14
282,Wayne Diaz,ygordon@hotmail.com,4488223071,Jaipur,RJ,2025-04-30
283,Alyssa Harvey,zstewart@saunders-macdonald.com,7635743836,Hyderabad,TS,2023-08-10
284,Andre Walsh,owang@gmail.com,8678810636,Bangalore,KA,2023-10-29
285,Amber Patel,richardsoncrystal@stuart.biz,7253778820,Chennai,TN,2025-01-24
286,Lawrence Golden,wendyparrish@hotmail.com,1646755077,Mumbai,MH,2024-12-09
287,Haley Smith,gail75@moore-castro.net,3679087640,Chennai,TN,2023-06-14
288,Jeffery Burch,angelajenkins@yahoo.com,0275121964,Pune,MH,2025-04-15
289,Christy Austin,miranda83@yahoo.com,2167723576,Pune,MH,2025-05-16
290,John Key,kristen98@yahoo.com,8303045900,Kolkata,WB,2025-12-20
291,Patricia White,daniel52@hotmail.com,4462952620,Pune,MH,2026-02-27
292,Jeremy Thomas,dwalsh@yahoo.com,1776112228,Chennai,TN,2024-02-24
293,Christopher Gardner,vfrost@owens.info,0439951049,Ahmedabad,GJ,2025-04-20
294,Melinda Gardner,rowematthew@davis-wu.com,8000107842,Chennai,TN,2024-03-06
295,Jean Lopez,vincent37@yahoo.com,9973807415,Lucknow,UP,2025-02-21
296,Joshua Fischer,williamaguilar@sanders-hess.com,5124226062,Hyderabad,TS,2026-04-13
297,Andrea Valdez,bakerkathryn@yahoo.com,6128772003,Kolkata,WB,2024-04-19
298,Christopher Flores,brendacrawford@dougherty-fisher.com,9102931454,Ahmedabad,GJ,2024-03-04
299,Carl Wagner,patrick77@wood.org,8647092337,Bangalore,KA,2024-07-04
300,Victor Page,christopherjacobson@gomez-gordon.com,1392034496,Hyderabad,TS,2026-05-05
,BAD_RECORD,wrongemail,ABC123,,,INVALID_DATE
